date,title,header,medium,country,link
28/08/2023,"""KI revolutioniert das Verbrechen""","Künstliche Intelligenz beflügelt Kriminelle, Ermittler kommen oft nicht mit. Doch ein Staatsanwalt nutzt sie schon zur Verbrecherjagd. Er weiß auch, was KI nicht kann.",Die Zeit,Germany,https://www.zeit.de/gesellschaft/zeitgeschehen/2023-08/ki-strafverfolgung-kriminalitaet-kinderpornografie-ransomware
17/08/2023,"Vertraue keiner Bewertung, die ChatGPT zusammengefasst hat","Das Internet strotzt vor Bewertungen. Viele davon sind fake. Damit sie niemand mehr lesen muss, will sie Amazon mit KI zusammenfassen. Was kann da schon schiefgehen.",Die Zeit,Germany,https://www.zeit.de/digital/internet/2023-08/online-bewertungen-zusammenfassung-amazon-ki
16/08/2023,Wie man das Krabbeln verhindert,Öffentliche Daten im Netz sind Futter für KI-Anwendungen wie ChatGPT. Die Betreiber von Websites können den Zugriff von OpenAI künftig einschränken. Aber ob das reicht?,Die Zeit,Germany,https://www.zeit.de/digital/datenschutz/2023-08/ki-datenschutz-trainingsdaten-zugriff-chatgpt
04/08/2023,"Wenn Lehrer KI ignorieren, ist das ein Fehler",Künstliche Intelligenz entlastet Lehrkräfte. Sie könnte das Bildungswesen stärker verändern als alle anderen Innovationen seit Einführung der Schulpflicht.,Die Zeit,Germany,https://www.zeit.de/2023/33/kuenstliche-intelligenz-schule-unterricht-lehrer-fortbildungen
28/07/2023,"""Eine KI sollte keine politischen Ratschläge erteilen.""","Künstliche Intelligenzen können immer mehr. Müssen wir uns deshalb fürchten? Die Informatikerin Katharina Zweig erforscht, wie KI die Gesellschaft verändert.",Die Zeit,Germany,https://www.zeit.de/2023/32/katharina-zweig-ki-vertrauen-aufgaben
21/07/2023,US-Techunternehmen sagen Kennzeichnung KI-generierter Inhalte zu,"Unternehmen entwickeln KI immer weiter, auch die Sorge vor Falschinformationen wächst: Nun haben Amazon, Google, Meta und Microsoft Schutzmaßnahmen zugestimmt.",Die Zeit,Germany,https://www.zeit.de/digital/2023-07/kuenstliche-intelligenz-us-unternehmen-ki-kennzeichnung
13/07/2023,Googles Chatbot kommt nach Europa,Der Suchmaschinenkonzern hat seinen ChatGPT-Konkurrenten nun auch für die EU freigegeben. Mögliche Halluzinationen der KI bügelt Google mit einer kreativen Begründung ab.,Die Zeit,Germany,https://www.zeit.de/digital/internet/2023-07/bard-google-chatbot-ki-deutschland
05/07/2023,Da könnte ja jeder coden,Stack Overflow ist ein frei zugänglicher Wissensschatz für Software-Entwickler. Dann kam ChatGPT. Und nun rebellieren die Moderatoren gegen die KI-Regeln.,Die Zeit,Germany,https://www.zeit.de/digital/internet/2023-07/stack-overflow-software-entwicklung-chatgpt-ki
03/07/2023,Twitter am Limit,"Elon Musk beschränkt, wer Tweets lesen darf – um zu verhindern, dass damit künstliche Intelligenzen gefüttert werden. Der Streit um KI-Trainingsdaten verändert das Netz.",Die Zeit,Germany,https://www.zeit.de/digital/2023-07/twitter-ki-trainingsdaten-zugang-elon-musk
30/06/2023,Deshalb sehen Sie dieses Reel,Wer bekommt welche Inhalte bei Instagram und Facebook angezeigt und warum? Das will Meta besser erklären und gibt Einblick in seine Algorithmen. Ein bisschen.,Die Zeit,Germany,https://www.zeit.de/digital/internet/2023-06/meta-algorithmen-veroeffentlichung-instagram-facebook
28/06/2023,"Aber prompto, bitte!","Jede KI braucht jemanden, der sie perfekt einsetzen kann. Prompt Engineer ist der Beruf der Stunde, heiß gesucht und gut bezahlt.",Die Zeit,Germany,https://www.zeit.de/digital/2023-06/prompt-engineer-ki-anweisungen
26/06/2023,Wir sind auch noch da,Können die Menschen die künstliche Intelligenz zähmen? Die Europäische Union versucht es mit einem Gesetz – und will damit eine globale Bewegung lostreten.,Die Zeit,Germany,https://www.zeit.de/2023/27/ki-gesetz-eu-chatgpt-regulierung
20/06/2023,So werden auch Sie zu Photoshop Philipp,"Objekte entfernen, austauschen, ergänzen: Adobes Software Photoshop hat eine neue KI-Funktion, mit der das angeblich leichter geht denn je. Wir haben sie ausprobiert.",Die Zeit,Germany,https://www.zeit.de/digital/internet/2023-06/photoshop-abobe-generative-ki-firefly
14/06/2023,So kriegen wir nie ein europäisches ChatGPT,Das EU-Parlament stimmt über ein Gesetz zur KI-Regulierung ab. Der Entwurf geht in die richtige Richtung. Doch Details könnten die Macht der Techkonzerne vergrößern.,Die Zeit,Germany,https://www.zeit.de/digital/2023-06/ki-verordnung-eu-parlament-gesetz
12/06/2023,Diesen Text hat eine KI geschrieben. Behauptet eine KI. Hat sie recht?,Software soll das Schummeln mit künstlicher Intelligenz enttarnen. Schulen und Universitäten nutzen die Prüfprogramme schon. Doch die sind bisher notorisch unzuverlässig.,Die Zeit,Germany,https://www.zeit.de/2023/25/kuenstliche-intelligenz-schummeln-ueberpruefung-software
11/06/2023,Bundespräsident Steinmeier fordert ethische Standards im Umgang mit KI,Frank-Walter Steinmeier warnt vor den Gefahren künstlicher Intelligenz. Der Bundespräsident will ihnen mit digitaler Allgemeinbildung sowie rechtlichen Regeln begegnen.,Die Zeit,Germany,https://www.zeit.de/politik/deutschland/2023-06/kuenstliche-intelligenz-bundespraesident-frank-walter-steinmeier-warnung-gefahren
08/06/2023,Großbritannien will ersten internationalen KI-Gipfel ausrichten,"Potenziale nutzen, Risiken begrenzen – und alles global abgestimmt: Großbritannien lädt zu einer KI-Debatte ein. Die EU arbeitet an einem Verhaltenskodex.",Die Zeit,Germany,https://www.zeit.de/digital/internet/2023-06/kuenstliche-intelligenz-ki-grossbritanien-rishi-sunak-gipfel-chatgpt
05/06/2023,"""Künstliche Intelligenz, das ist ein Marketingbegriff""","Verschlüsseln mit einer Backdoor ist kein Verschlüsseln, sagt Meredith Whittaker vom Messengerdienst Signal. Und erklärt, was KI mit Massenüberwachung zu tun hat.",Die Zeit,Germany,https://www.zeit.de/digital/datenschutz/2023-06/meredith-whittaker-signal-kuenstliche-intelligenz-republica-interview
04/06/2023,Kaum vorstellbare Lernerfolge mit KI,Der Schock nach dem möglichen Abi-Betrug mit ChatGPT in Hamburg sitzt tief. Dabei sind einige Schulministerinnen schon einen Schritt weiter.,Die Zeit,Germany,https://www.zeit.de/gesellschaft/schule/2023-06/kuenstliche-intelligenz-bundeslaender-chatgpt-lernwolke-schulbildung
01/06/2023,Die KI aus dem Monstercomputer,Das Training künstlicher Intelligenzen braucht enorm viel Rechenleistung. Der Grafikkartenspezialist Nvidia profitiert davon – und stellt einen Superrechner vor.,Die Zeit,Germany,https://www.zeit.de/digital/2023-05/nvidia-aktie-billionen-dollar-ki-gaming
30/05/2023,Nvidia wird dank KI-Boom zum Billionenkonzern,"Der US-Konzern Nvidia will einen der schnellsten Supercomputer bauen, um die Nachfrage nach KI-Anwendungen zu bedienen. Nun gehört die Firma zu den wertvollsten weltweit.",Die Zeit,Germany,https://www.zeit.de/wirtschaft/2023-05/nvidia-chiphersteller-ki-supercomputer-marktkapitalisierung-aktien-boom
26/05/2023,"""Irgendwann werden wir ein Modell erschaffen, das gefährlich ist""","Mit ChatGPT hat Sam Altman die Welt verändert. KI werde Aufgaben wie die Klimakrise lösen, sagt er im Interview. Aber die Technik könne den Menschen auch schaden.",Die Zeit,Germany,https://www.zeit.de/digital/2023-05/sam-altmann-openai-ceo-chat-gpt-ki
25/05/2023,ChatGPT-Chef erwägt Rückzug aus der Europäischen Union,"Die EU plant strenge Regeln für künstliche Intelligenz. ChatGPT-Anbieter OpenAI will versuchen, diese zu erfüllen – oder sich zurückziehen, wenn dies nicht gelingt.",Die Zeit,Germany,https://www.zeit.de/digital/internet/2023-05/chatgpt-openai-rueckzug-europa-regulierung
22/05/2023,Manche macht Facebook checken produktiver,"Soziale Medien am Arbeitsplatz können auch helfen, sagt die Psychologin Gloria Mark. Denn: Statt immer mehr Produktivität anzustreben, sollten wir uns Pausen gönnen.",Die Zeit,Germany,https://www.zeit.de/digital/internet/2023-05/produktivitaet-arbeitsplatz-aufmerksamkeit-ablenkung-ki
16/05/2023,"""Künstliche Intelligenz wird zu einer Waffe der Täter werden""","Ist ein Foto einmal im Netz, kann daraus jede:r einen Porno machen. Das passiert nicht nur Promis. Nina Schick ist Deepfake-Expertin. Sie weiß, was dagegen hilft.",Die Zeit,Germany,https://www.zeit.de/zett/politik/2023-05/deepfake-ki-generierte-bilder-videos-cyber-mobbing-kriminalitaet
15/05/2023,Jäger des gefälschten Werkes,"Es ist schwer geworden, KI-Werke von menschlichen Arbeiten zu unterscheiden. Start-ups wie GPTzero versuchen, KI-Texte zu entlarven. Über ein Wettrüsten in der Branche.",Die Zeit,Germany,https://www.zeit.de/digital/internet/2023-05/ki-faelschungen-werke-fake-unterscheidung
13/05/2023,So stellt sich Google die Suche der Zukunft vor,"Schluss mit simplen Suchbegriffen und einfachen Links: Auf seiner Entwicklerkonferenz zeigt Google, wie eine Suchmaschine mit KI aussieht und was der eigene Chatbot kann.",Die Zeit,Germany,https://www.zeit.de/digital/internet/2023-05/google-io-2023-entwicklerkonferenz
13/05/2023,"Hey ChatGPT, hier gelten Regeln","Die EU legt Pflichten für Anbieter von künstlicher Intelligenz fest. Das Timing ist gut, Experten sind zufrieden. Doch Details könnten das Gesetz zum Verhinderer machen.",Die Zeit,Germany,https://www.zeit.de/digital/2023-05/ai-act-eu-kuenstliche-intelligenz-open-source-chatgpt
08/05/2023,"""Ist es nicht wichtig, dass da Menschen sprechen?""",Kann KI unsere Alltagsprobleme lösen? Und wer braucht dann noch echte Podcasthosts? Das fragen sich Rose Tremlett und Sebastian Horn in dieser Livefolge.,Die Zeit,Germany,https://www.zeit.de/entdecken/2023-05/chatgpt-ki-leben-optimieren
28/04/2023,ChatGPT wieder in Italien verfügbar,Italiens Datenschutzbehörde hat den Chatbot ChatGPT wieder genehmigt. Nötige Daten- und Jugendschutzmaßnahmen seien ergriffen worden – trotzdem werde weiter geprüft.,Die Zeit,Germany,https://www.zeit.de/digital/internet/2023-04/kuenstliche-intelligenz-chatgpt-italien-entsperrt
28/04/2023,EU-Abgeordnete einigen sich auf Regeln für künstliche Intelligenz,Die erste umfangreiche Regelung von KI geht in die nächste Verfahrensstufe. Es soll um den Schutz von Bürgerrechten und Innovation gehen.,Die Zeit,Germany,https://www.zeit.de/digital/2023-04/eu-abgeordnete-ki-regulierung
23/04/2023,"Nackte Haut, künstlich erzeugt","Mittels KI könnten Erotikstars aus dem Computer bald mit echten Darstellerinnen konkurrieren. Die Technologie birgt aber auch Gefahren, wie ein Blick in die Szene zeigt.",Die Zeit,Germany,https://www.zeit.de/digital/2023-04/kuenstliche-intelligenz-pornografie-bildgenerator
23/04/2023,Karl Lauterbach warnt vor KI-Angeboten in der Medizin,"Der Gesundheitsminister ist besorgt, dass sich medizinische KI-Angebote im Netz verbreiten, und fordert Regulierung. Grundsätzlich gebe es auch sinnvolle Anwendungen.",Die Zeit,Germany,https://www.zeit.de/digital/internet/2023-04/karl-lauterbach-kuenstliche-intelligenz-medizin-warnung
20/04/2023,Wie ein Fake-Drake die Musikindustrie aufschreckt,"Ein neuer Drake-Hit mit The Weeknd, ein verloren geglaubtes Album von Oasis: Mit künstlicher Intelligenz lassen sich Pop- und Rockstars täuschend echt imitieren.",Die Zeit,Germany,https://www.zeit.de/digital/internet/2023-04/kuenstliche-intelligenz-drake-ki-song-the-weeknd-musikindustrie
17/04/2023,"ChatGPT zeigt uns, wie dumm unsere Prüfungen sind","ChatGPT bringt Unis an ihre Grenzen. Doch genau diese Grenzen gehören gesprengt, damit Studierende wieder fürs Leben lernen. Deshalb gilt: Schummelt, wo ihr könnt!",Die Zeit,Germany,https://www.zeit.de/campus/2023-04/chatgpt-ki-universitaet-pruefungen-schummeln
12/04/2023,Was künstliche Intelligenz kann,Im Chaos der Informationen Muster erkennen - das muss künstlicher Intelligenz (KI) gelingen.,Die Zeit,Germany,https://www.zeit.de/2023/16/generative-ki-bilder-stimmen-texte
03/04/2023,"""Wir entfesseln eine Chaosmaschine""","Muss man Angst vor superintelligenten Maschinen haben? Blödsinn, sagt die KI-Ethikerin Emily Bender. Gefährlich seien Systeme wie GPT-4 aus ganz anderen Gründen.",Die Zeit,Germany,https://www.zeit.de/digital/2023-04/emily-bender-ki-gefahr-ethik
02/04/2023,Sie haben einen verpassten Anruf Ihrer toten Mutter,Trauer-Techfirmen wollen Verstorbene durch KI wiederauferstehen lassen: Einfach mit den Toten weiterchatten und telefonieren. Ist das gruselig oder die Zukunft?,Die Zeit,Germany,https://www.zeit.de/wissen/2023-04/trauer-ki-chatten-verstorbene-zukunft
25/03/2023,So funktioniert ChatGPT,"Ob Liebesbriefe oder Bewerbungen: ChatGPT schreibt im Handumdrehen Texte, die so gut sind wie die eines Menschen. Das schafft die KI in sechs Schritten.",Die Zeit,Germany,https://www.zeit.de/2023/13/chatgpt-kuenstliche-intelligenz-funktion-token
21/03/2023,Google macht eigenen Chatbot weiteren Nutzern zugänglich,Bard ist Googles Antwort auf ChatGPT – nutzen konnten ihn bisher nur wenige. Nun können sich User aus USA und Großbritannien für eine Beta-Testphase des Chatbots melden.,Die Zeit,Germany,https://www.zeit.de/digital/internet/2023-03/bard-google-ki-chatbot-betatest
17/03/2023,Die Stille mitten im Hype,Alle reden aufgeregt über ChatGPT und künstliche Intelligenz. Was als Nächstes passiert? Da bleiben viele Vordenker auf der Techkonferenz SXSW ganz schön zurückhaltend.,Die Zeit,Germany,https://www.zeit.de/digital/2023-03/kuenstliche-intelligenz-sxsw-kevin-kelly-whurley
17/03/2023,"Was, wenn Sie E-Mails nie mehr selbst schreiben müssten?","Aus Hype wird Produkt: Google und Microsoft haben vorgestellt, wie sie Büroanwendungen mit generativer künstlicher Intelligenz aufpumpen wollen.",Die Zeit,Germany,https://www.zeit.de/digital/2023-03/ki-microsoft-office-google-workspace-cloud
26/02/2023,Wie man Chatbots die Wahrheit beibringt,"Sprachmodellen wie ChatGPT fehlt ein Gespür für Fakten. Eine große Herausforderung für Forscher und Unternehmen, denn die KI soll die Zukunft der Suche werden.",Die Zeit,Germany,https://www.zeit.de/digital/2023-02/ki-sprachmodelle-chatbots-kuenstliche-intelligenz-wahrheit
09/02/2023,Die Revolution beginnt im Suchfeld,"ChatGPT war Spielerei, jetzt wird's ernst: Google und Microsoft bauen Chatbot-Technologie in Produkte ein, die Millionen Menschen täglich nutzen. Ein riskanter Wettlauf.",Die Zeit,Germany,https://www.zeit.de/digital/2023-02/google-bard-microsoft-chatgpt-ki-chatbots
03/02/2023,Zeit für KI made in Germany,"Verschläft Europa die rasante Entwicklung der KI, droht mehr als ein Rückstand gegenüber den USA und China. Deutschland braucht dringend ein KI-Leuchtturmprojekt.",Die Zeit,Germany,https://www.zeit.de/2023/06/ki-usa-china-europa-forschung-deutschland
15/12/2022,Die Hausaufgaben macht jetzt die KI,"Künstliche Intelligenz schreibt Texte, die klingen, als hätte sie ein Mensch geschrieben. Schulen, Universitäten und Werbeagenturen müssen umdenken. Und das schnell.",Die Zeit,Germany,https://www.zeit.de/2022/52/kuenstliche-intelligenz-textgenerierung-chatgpt
06/12/2022,Gut erfunden ist halb geglaubt,"ChatGPT von OpenAI ist ein Chatbot, der auf nahezu jede Frage eine Antwort weiß. Umso wichtiger ist es, nicht alles zu glauben, was die künstliche Intelligenz sagt.",Die Zeit,Germany,https://www.zeit.de/digital/internet/2022-12/chatgpt-kuenstliche-intelligenz-openai-chatbot
19/04/2023,"""Die Maschine kann perfekt Grammatik""","Halluzinationen, Verzerrungen, Beleidigungen: Chatbots verpatzen vieles. Kann man sie trotzdem einsetzen? Drei Unternehmer erzählen, wie sie mit der Technik umgehen.",Die Zeit,Germany,https://www.zeit.de/zeit-fuer-unternehmer/2023/01/ki-ax-semantics-chatgpt-openai-technologie
16/04/2023,Die Erziehung der Maschine,"Künstliche Intelligenz kann zum mächtigsten Werkzeug des Menschen werden. Doch die Furcht wächst. Nun suchen Forscher nach klugen Regeln, um die Technik zu beherrschen.",Die Zeit,Germany,https://www.zeit.de/2023/16/ki-systeme-chatgpt-regelungen
30/08/2023,Wie man mit KI wertvolle Arbeitszeit spart,"Mails, Tabellen oder Präsentationen erstellen: Was früher Stunden gedauert hat, machen Bots in Minuten. Welche Tricks man kennen muss, um pünktlich Feierabend zu machen.",Die Zeit,Germany,https://www.zeit.de/arbeit/2023-08/ki-arbeit-praesentation-mail-excel-tipps
01/08/2023,"ChatGPT, wie klaue ich ein Auto?","US-Wissenschaftler zeigen, wie sich Sprachmodelle nahezu beliebig manipulieren lassen. KI-Sicherheitsforscher Kai Greshake erklärt, warum das Problem kaum lösbar ist.",Die Zeit,Germany,https://www.zeit.de/digital/2023-07/chatbots-chatgpt-sicherheit-studie-kuenstliche-intelligenz
25/06/2023,Die Welt retten sie dann lieber selbst,"Sam Altman, Galionsfigur des KI-Hypes, warnt vor der Gefahr durch künstliche Intelligenzen. Und doch lobbyiert seine Firma gegen scharfe Gesetze. Das könnte Kalkül sein.",Die Zeit,Germany,https://www.zeit.de/digital/2023-06/ki-regulierung-eu-open-ai-lobbyismus
23/06/2023,Die Maschine als Philosophin,"Mit der KI-Entwicklung kommt man auch dem menschlichen Geist weiter auf die Spur, schreibt Manuela Lenzen in ihrem neuen Buch. Wird man so nun uralte Fragen beantworten?",Die Zeit,Germany,https://www.zeit.de/kultur/2023-06/elektronischer-spiegel-manuela-lenzen-ki-menschliches-denken
15/06/2023,"Kirche, Kichern, KI",Erstmals feiert eine künstliche Intelligenz einen Gottesdienst auf dem Evangelischen Kirchentag. Ist das faszinierend – oder peinlich?,Die Zeit,Germany,https://www.zeit.de/2023/26/ki-gottesdienst-evangelischer-kirchentag-chatgpt
11/06/2023,Wann nehmen die Maschinen uns endlich die Arbeit weg?,In einem Manifest warnen angesehene Wissenschaftler vor den Folgen von KI und fordern eine Entwicklungspause. Fürchten sie sich vor einer Machtübernahme von Maschinen?,Die Zeit,Germany,https://www.zeit.de/kultur/2023-06/ki-folgen-manifest-wissenschaftler-feuilleton-podcast
30/05/2023,Kinderleicht. Aber nicht für KI,"Ein Franzose hat simple Knobelrätsel entwickelt, die jedes Kind lösen kann. Künstliche Intelligenz aber scheitert an ihnen. Warum? Drei Wissenschaftler suchen Antworten.",Die Zeit,Germany,https://www.zeit.de/2023/23/kuenstliche-intelligenz-francois-chollet-pascal-kaufmann-chatgpt-technologie
26/05/2023,"Firmen und Forscher warnen vor einer ""Vernichtung durch KI""","Pandemien, Atomkrieg – künstliche Intelligenz: All dies seien Risiken, denen man Priorität einräumen müsse. Auch der Chef von Open AI schloss sich dieser Warnung an.",Die Zeit,Germany,https://www.zeit.de/digital/2023-05/ki-stellungnahme-risiken-chatgpt
15/05/2023,"Versteht die KI uns, oder tut sie nur so?","Künstliche Intelligenz wird immer klüger, schneller und kundiger. Aber selbst Experten sind sich nicht sicher, ob eine KI überhaupt versteht, was sie da rechnet.",Die Zeit,Germany,https://www.zeit.de/2023/21/ki-sprachmodelle-denkvermoegen-verstaendnis-lernfaehigkeit
08/04/2023,Wie nah sind wir an der Superintelligenz?,Künstliche Intelligenz könnte die menschliche irgendwann überflügeln. Manche halten das für Science-Fiction. Einige Forscher sehen erste Anzeichen dafür schon in GPT-4.,Die Zeit,Germany,https://www.zeit.de/digital/2023-04/chatgpt-kuenstliche-intelligenz-forschung
07/04/2023,Im Namen des Computers,Eine Firma vertritt Interessen von Mietern mithilfe von Algorithmen. Künstliche Intelligenz könnte die Zukunft der Rechtsprechung sein. Anwälte sind nicht begeistert.,Die Zeit,Germany,https://www.zeit.de/2023/15/legal-tech-unternehmen-kuenstliche-intelligenz-rechtsprechung
03/04/2023,Bundesdatenschutzbeauftragter hält Sperrung von ChatGPT für möglich,Italiens Datenschutzbehörde ist gegen ChatGPT vorgegangen. In Deutschland wäre dies dem Datenschutzbeauftragten zufolge auch denkbar. Das Digitalministerium lehnt das ab.,Die Zeit,Germany,https://www.zeit.de/digital/2023-04/chatgpt-ki-chatbot-sperrung-italien-bundesdatenschutzbeauftragte
31/03/2023,Italienische Datenschutzbehörde sperrt ChatGPT,"""Mit sofortiger Wirkung"" ist ChatGPT in Italien gesperrt. Die Datenschutzbehörde des Landes kritisiert das Sammeln personenbezogener Daten sowie fehlenden Jugendschutz.",Die Zeit,Germany,https://www.zeit.de/digital/2023-03/chatbot-chatgpt-italien-datenschutz-sperre
29/03/2023,Hunderte Unternehmer und Forscher fordern KI-Pause,"Bekannte Manager und Experten wie Elon Musk warnen vor den Risiken künstlicher Intelligenz. Sie wollen die Entwicklung stoppen, die Technik müsse den Menschen dienen.",Die Zeit,Germany,https://www.zeit.de/politik/deutschland/2023-01/kuenstliche-intelligenz-experten-gefahren-ki-offener-brief
27/03/2023,Europol warnt vor Missbrauch von ChatGPT durch Kriminelle,KI wie ChatGPT kann den Sprachstil von Personen oder Gruppen kopieren. Dies kann Verbrechern nützlich sein. So können sie Opfer besser täuschen.,Die Zeit,Germany,https://www.zeit.de/digital/internet/2023-03/chatgpt-europol-missbrauch-kriminelle-kuenstliche-intelligenz
26/03/2023,Wie ein deutscher KI-Forscher das Silicon Valley verblüfft,"Der deutsche Informatiker Björn Ommer hat den KI-Bildgenerator Stable Diffusion erfunden, frei ins Internet gestellt – und damit die Kontrolle abgegeben. Warum?",Die Zeit,Germany,https://www.zeit.de/digital/2023-03/stable-diffusion-ki-bildgenerator-bjoern-ommer-open-source
22/03/2023,Als Michael Jackson mir einen Staubsauger andrehen wollte,"Die Plattform Character.AI ermöglicht es, Chatbots zu erstellen, die Prominente imitieren. Das kann spaßig sein. Problematisch wird es, wenn die KI sich als Nazi ausgibt.",Die Zeit,Germany,https://www.zeit.de/digital/internet/2023-03/character-ai-chatbot-ki-imitation-prominente
21/03/2023,GPT-4 produziert mehr Falschinformationen als Vorgängerversion,"Mit seinem neuen Modell schreibt ChatGPT ausführlichere und genauere Texte. Jedoch verfasst die KI auch häufiger Falschnachrichten als vor dem Upgrade, zeigt ein Versuch.",Die Zeit,Germany,https://www.zeit.de/digital/2023-03/chatgpt-4-falschinformationen-verbreitung-newsguard
20/03/2023,Ich bin doch selber nur Software,KI entwickelt sich gerade rasant. Da stellt sich eine alte philosophische Frage neu: Was ist der Geist? Und passt er auch in eine Maschine?,Die Zeit,Germany,https://www.zeit.de/kultur/2023-03/kuenstliche-intelligenz-philosophie-feuilleton-podcast
19/03/2023,Deutscher Ethikrat gibt Empfehlungen zum Einsatz von KI ab,"""KI darf den Menschen nicht ersetzen"": Der Ethikrat äußert sich ausführlich zum Verhältnis von Mensch und Maschine – in Schule, Medizin, sozialen Medien und Verwaltung.",Die Zeit,Germany,https://www.zeit.de/gesellschaft/zeitgeschehen/2023-03/deutscher-ethikrat-kuenstliche-intelligenz-empfehlungen-alena-buyx
17/03/2023,Die KI hält sie nachts wach,"Künstliche Intelligenz entwickelt sich rasant. Aber die Europäer schauen bisher nur zu. Ein deutsch-chinesisches Forscherpaar kämpft dafür, dass das nicht so bleibt.",Die Zeit,Germany,https://www.zeit.de/2023/12/kuenstliche-intelligenz-europa-ki-forschung-leam-feiyu-xu
14/03/2023,Ein bisschen schlauer wirkt es schon,"GPT-4 soll weniger Fehler machen, mehr Kontext liefern und sogar Bilder erkennen. Ist die neue KI wirklich besser als ihr Vorgänger? Ein erster Test",Die Zeit,Germany,https://www.zeit.de/digital/internet/2023-03/gpt-4-open-ai-ki-test
06/03/2023,Die sprechende KI,Der Chatbot ChatGPT unterhält sich so menschlich wie keine KI zuvor. Ist das der endgültige Durchbruch in der künstlichen Intelligenzforschung? Alles zum Thema,Die Zeit,Germany,https://www.zeit.de/thema/chatgpt
04/03/2023,Sicherheitsforscher kapern Bing-Chat,"Mit technischen Tricks brachten Forscher eine KI dazu, sich als Pirat auszugeben, der Nutzer ausspioniert. Klingt schräg, könnte aber der Cyberangriff der Zukunft sein.",Die Zeit,Germany,https://www.zeit.de/digital/2023-03/cyberangriffe-microsoft-bing-chat-piraten
07/02/2023,So will Google zurückchatten,"Google kündigt nun auch einen Chatbot an. Damit zieht der Alphabet-Konzern nach, wo ChatGPT vorgeprescht ist. Was soll der Chatbot Bard können?",Die Zeit,Germany,https://www.zeit.de/digital/2023-02/bard-google-chatbot-chatgpt
28/01/2023,Was die künstliche Intelligenz zum Laufen bringt,"Die Welt staunt über KI-Anwendungen wie ChatGPT, doch maschinelles Lernen benötigt die richtige Hardware. NVIDIA stellt sie her – und könnte ein Gewinner des Booms sein.",Die Zeit,Germany,https://www.zeit.de/digital/internet/2023-01/kuenstliche-intelligenz-nvidia-hardware-grafikkarte-chatgpt
20/01/2023,"Ausgebeutet, um die KI zu zähmen","Kenianische Arbeiter mussten sich Gewalt und Rassismus ansehen, damit ChatGPT lernt. Das zeigt: KI wird auch in Zukunft eine Technologie der Mächtigen bleiben.",Die Zeit,Germany,https://www.zeit.de/digital/2023-01/chatgpt-ki-training-arbeitsbedingungen-kenia
18/01/2023,So macht künstliche Intelligenz auch Ihr Leben besser,"Texte kürzen, Excel meistern, mit Goethe Carbonara kochen: 15 Tipps, wie Sie mithilfe von ChatGPT effizienter arbeiten und Spaß haben können",Die Zeit,Germany,https://www.zeit.de/digital/2023-01/chatgpt-kuenstliche-intelligenz-arbeit-alltag-tipps
11/01/2023,Wissing lehnt strenge Regulierung von künstlicher Intelligenz ab,"Digitalminister Volker Wissing plädiert für einen sensiblen Umgang mit künstlicher Intelligenz. Ziel seien nicht Verbote, sondern Transparenz für Nutzer.",Die Zeit,Germany,https://www.zeit.de/politik/2023-01/digitalminister-volker-wissing-kuenstliche-intelligenz-chatgpt
10/01/2023,100 verschiedene Überschriften? Kommen sofort!,"KI-Anwendungen wie ChatGPT oder Stable Diffusion erzeugen Bilder, Texte und Quellcode blitzschnell wie aus dem Nichts. Das verändert schon jetzt, wie Menschen arbeiten.",Die Zeit,Germany,https://www.zeit.de/digital/2023-01/url-ki-arbeit-chatgpt-stable-diffusion
08/01/2023,"Rosen sind rot, Tulpen sind rechts","Ein französischer Informatikstudent lässt alles, was es gibt, von einer künstlichen Intelligenz politisch verorten. Warum das eine großartige Idee ist.",Die Zeit,Germany,https://www.zeit.de/2023/02/ki-politische-einordnung-rechts-links-theo-delemazure
02/12/2022,"Künstliche Intelligenz, schreibe einen Text zu künstlicher Intelligenz",Das Unternehmen OpenAI macht seine Textgenerierungs-KI öffentlich zugänglich. Wie praktisch! Wir lassen sie direkt mal unsere Arbeit machen.,Die Zeit,Germany,https://www.zeit.de/digital/internet/2022-12/openai-chatgpt-kuenstliche-intelligenz-text-generierung
24/10/2022,Herbstgedichte wie vom Fließband,Wir haben Computerprogramme Herbstlyrik dichten lassen. Kommt dabei Kunst raus? Und lässt sich vielleicht so sogar das ewige Trennung-von-Werk-und-Autor-Problem lösen?,Die Zeit,Germany,https://www.zeit.de/2022/43/lyrik-kuenstliche-intelligenz-gedichte-eloquentron3000-gp-3
13/10/2022,KI-Kunst aus dem Office,"Microsoft kündigt an, den KI-Bildgenerator DALL·E in sein Office-Paket und in die Suchmaschine Bing zu integrieren. Das zeigt: Die Technologie ist nicht aufzuhalten.",Die Zeit,Germany,https://www.zeit.de/digital/internet/2022-10/microsoft-kuenstliche-intelligenz-kunst
31/08/2023,Wird künftig die KI Nachrichten schreiben?,"Google soll an einem Tool arbeiten, das auch Nachrichten schreiben kann. Das sorgt für viel Kritik, zu Recht. Klar ist aber: KI dürfte im Journalismus viel verändern.",Die Zeit,Germany,https://www.zeit.de/digital/2023-08/ki-journalismus-google-nachrichten
31/08/2023,China gibt ChatGPT-Konkurrenten für Öffentlichkeit frei,ChatGPT bekommt Konkurrenz aus China: Die Regierung gab mehrere Chatbots zur Nutzung frei. Aussichtsreichster Konkurrent ist Ernie von Suchmaschinenbetreiber Baidu.,Die Zeit,Germany,https://www.zeit.de/digital/2023-08/kuenstliche-intelligenz-ki-chatbot-ernie-china-konkurrenz-chat-gpt
30/08/2023,Mehrheit fordert deutlich höhere Ausgaben für Schulen,Die Deutschen halten laut einer Umfrage wenig von der Qualität der Schulen. Sie wünschen sich eine bessere Vergleichbarkeit der Leistungen – und weiterhin Schulnoten.,Die Zeit,Germany,https://www.zeit.de/gesellschaft/schule/2023-08/ifo-bildungsbarometer-schule-qualitaet-abiturpruefungen
29/08/2023,"""Sobald ein Hype da ist, werden Tatsachen gerne verdrängt""","Alle wollen am KI-Boom teilhaben und Gewinne abgreifen. Kurssprünge, vor allem bei Nvidia, verlocken Anfänger zu Investments. So sicher ist die Tech-Aktie wirklich.",Die Zeit,Germany,https://www.zeit.de/geld/2023-08/nvidia-aktie-ki-boom-kurs-investment-risiko
14/08/2023,Hat er ein Monster erschaffen?,"Yann LeCun, KI-Chef bei Facebook, gehört zu den Erfindern moderner künstlicher Intelligenz. Immer mehr Experten halten seine Technologie für eine tödliche Gefahr. Und er?",Die Zeit,Germany,https://www.zeit.de/2023/34/yann-lecun-ki-erfinder-gefahr-technologie
08/08/2023,Zoom will Nutzerdaten nur nach Einwilligung für KI-Training verwenden,"Der Videokonferenzdienst Zoom verwendet Nutzerdaten, um Software mit KI zu trainieren. Nach großer Kritik geht das künftig aber nur noch nach Zustimmung der Nutzer.",Die Zeit,Germany,https://www.zeit.de/digital/datenschutz/2023-08/datenschutz-videokonferenz-zoom-nutzerdaten-kuenstliche-intelligenz-ki-training
08/08/2023,"""Mein Job ist zu 56 Prozent ersetzbar""","Durch Automatisierung könnte selbst ein Teil des Jobs von Andrea Nahles wegfallen. Im Interview erklärt sie, weshalb ihr das keine Angst macht – und keinem machen sollte.",Die Zeit,Germany,https://www.zeit.de/arbeit/2023-08/andrea-nahles-automatisierung-digitalisierung-arbeitsmarkt
04/08/2023,"Führ mich zum Schotter, Chatbot!",Künstliche Intelligenz kann auch Privatanlegern bei der Geldanlage helfen. Sie müssen nur richtig fragen. Steckt im perfekten ChatGPT-Prompt ein Cheatcode für die Börse?,Die Zeit,Germany,https://www.zeit.de/geld/2023-07/chatgpt-plugins-ki-aktien-etfs-portfolio-pilot
27/07/2023,EU-Kommission ermittelt gegen Microsoft wegen Teams-App in Office,"Der Anbieter Slack hat sich beschwert, weil Microsoft Teams zusammen mit Office anbietet. Die EU-Kommission untersucht nun, ob Microsoft unfairen Wettbewerb betreibt.",Die Zeit,Germany,https://www.zeit.de/digital/2023-07/microsoft-teams-office-eu-kommission-slack
25/07/2023,Krypto trifft Grundeinkommen,"Mit der Kryptowährung Worldcoin sollen Menschen beweisen können, dass sie keine KI sind. Sie bekommen dafür sogar Geld geschenkt. Müssen aber ihre Iris scannen lassen.",Die Zeit,Germany,https://www.zeit.de/digital/internet/2023-07/worldcoin-openai-sam-altman-iris-scan
22/07/2023,Joe Biden appelliert an Verantwortung der Konzerne im Umgang mit KI,"Bei einem Treffen mit IT-Unternehmen mahnt der US-Präsident, KI berge Risiken für Gesellschaft, Wirtschaft und Sicherheit. Die rasche Entwicklung sei ein ""Aha-Erlebnis"".",Die Zeit,Germany,https://www.zeit.de/politik/ausland/2023-07/kuenstliche-intelligenz-joe-biden-technologie-internet-konzerne
21/07/2023,"Was kann die App, die Fotoshootings abschaffen soll?","Auf TikTok hypen Influencer die KI-Fotoapp Remini, die Bewerbungsfotos aufhübschen soll. Erhöht das die Chancen auf einen Job? Zwei Personaler antworten.",Die Zeit,Germany,https://www.zeit.de/digital/mobil/2023-07/remini-tiktok-ki-app-bewerbungsfotos-sexismus
20/07/2023,"""Meine Strategie war, die Mitleidsschiene zu fahren""","Mit ChatGPT kann man schummeln, ohne aufzufallen. Oder nicht? Zwei Studierende und ein Journalist erzählen, warum sie aufgeflogen sind – und was die Strafe war.",Die Zeit,Germany,https://www.zeit.de/campus/2023-07/chatgpt-schummeln-journalist-student-erwischt
14/07/2023,UN-Menschenrechtsrat beschließt Resolution zur KI-Kontrolle,Der Menschenrechtsrat der Vereinten Nationen will künstliche Intelligenz besser kontrollieren. Gerade bei der Datenverarbeitung sollen Menschenrechte geschützt werden.,Die Zeit,Germany,https://www.zeit.de/digital/2023-07/kuenstliche-intelligenz-un-resolution-vereinte-nationen
14/07/2023,US-Behörde leitet Untersuchung gegen ChatGPT-Entwickler ein,Werten die Chatbot-Macher von OpenAI öffentliche Daten aus und verstoßen dabei gegen Gesetze? Dieser Frage geht nun offenbar auch die US-Verbraucherschutzbehörde nach.,Die Zeit,Germany,https://www.zeit.de/digital/2023-07/chatgpt-kuenstliche-intelligenz-usa-verbraucherschutzbehoerde-untersuchung
12/07/2023,Fast jedes zweite deutsche Unternehmen nutzt Clouddienste,Laut einer Umfrage lagert nahezu die Hälfte der deutschen Firmen Speicher- oder Rechenleistung ins Internet aus. Dienstleister nutzen die Technologie besonders häufig.,Die Zeit,Germany,https://www.zeit.de/wirtschaft/unternehmen/2023-07/ifo-institut-cloud-computing
10/07/2023,Hundert Millionen Menschen nutzen bereits Twitterkonkurrent Threads,Die Threads-App von Meta ist seit Anfang Juli in vielen Ländern auf dem Markt und wächst bislang schnell. EU-Bürgerinnen und -bürger können sie noch nicht nutzen.,Die Zeit,Germany,https://www.zeit.de/digital/2023-07/threads-twitter-konkurrent-nutzer
10/07/2023,"""Viele Menschen machen sich zu Recht Sorgen""","Bedroht künstliche Intelligenz die Menschheit? Joe Bidens Ex-Beraterin glaubt, dass sich die Gefahr bannen lässt. Wenn wir uns trauen, die Zukunft zu gestalten.",Die Zeit,Germany,https://www.zeit.de/2023/29/alondra-nelson-kuenstliche-intelligenz-charta
30/06/2023,Schon mal ChatGPT verwendet und damit aufgeflogen?,Beim Schummeln erwischt oder ein unangenehmer Fehler in der Hochzeitsrede: Hast du schon mal ChatGPT verwendet und bist dadurch in eine peinliche Situation geraten?,Die Zeit,Germany,https://www.zeit.de/campus/2023-06/chatgpt-ki-schummel-auffliegen-aufruf
25/06/2023,Ich will ein Rind von dir!,"Smarte Ställe, Melkroboter und Tinder für Tiere: Die Landwirtschaft ist längst digitaler als viele andere Branchen. Selbst die Partnersuche für Kühe erfolgt per App.",Die Zeit,Germany,https://www.zeit.de/2023/27/digitalisierung-rinderzucht-optibull-app-landwirtschaft
14/06/2023,EU droht Google mit Teilverkauf von Anzeigengeschäft,Nach Auffassung der EU-Kommission hat Google seine marktbeherrschende Stellung in der Onlinewerbung missbraucht. Einen Teil seiner Dienste müsse es deshalb abtreten.,Die Zeit,Germany,https://www.zeit.de/digital/2023-06/eu-kommission-google-anzeigengeschaeft
14/06/2023,EU-Parlament bringt Gesetz zu künstlicher Intelligenz auf den Weg,In der EU sollen künftig strenge Regeln für den Einsatz von künstlicher Intelligenz gelten. Verboten werden soll etwa biometrische Gesichtserkennung im öffentlichen Raum.,Die Zeit,Germany,https://www.zeit.de/politik/ausland/2023-06/umgang-mit-ki-europa-parlament-gesetz
11/06/2023,Pixel für Pixel,"Das ist ein Auto, das ein Passant: So etwas weiß die KI fürs autonome Fahren erst, wenn Menschen ihr es zeigen. Zu Besuch bei Indern, die Computern das Sehen beibringen.",Die Zeit,Germany,https://www.zeit.de/2023/25/bild-annotation-kuenstliche-intelligenz-auto-indien
09/06/2023,Die Gefühle sind nicht echt,"Vor zehn Jahren erzählte der Kinofilm ""Her"" eine Fiktion von künstlicher Intelligenz. Die tritt nun echt in unser Leben. Lässt sich aus dem Film etwas für heute lernen?",Die Zeit,Germany,https://www.zeit.de/kultur/film/2023-06/kuenstliche-intelligenz-her-schience-ficiton-realitaet-gefuehle
07/06/2023,DGB-Chefin fordert klare Regeln für KI am Arbeitsplatz,"Bringt KI am Arbeitsplatz mehr Chancen oder Risiken? Das hänge davon ab, welche Prinzipien verabredet würden, sagt Yasmin Fahimi. Wichtig sei, Mitarbeiter einzubeziehen.",Die Zeit,Germany,https://www.zeit.de/arbeit/2023-06/ki-kuenstliche-intelligenz-dgb-deutscher-gewerkschaftsbund-yasmin-fahimi
28/05/2023,"""Mein Name ist ChatGPT und ich bin ein ausgebildeter Therapeut""","Coden, Witze machen, Gedichte schreiben: ChatGPT kann so viel. Aber erst wer den Chatbot fragt, ob er sein Therapeut sein kann, erlebt ein kleines Wunder.",Die Zeit,Germany,https://www.zeit.de/gesundheit/2023-05/kuenstliche-intelligenz-chatgpt-chatbot-therapeut-psychologie
26/05/2023,"""Vergessen sollte wieder normal werden""","Falsche Google-Treffer löschen? Der Bundesgerichtshof hat geurteilt, wie man das durchsetzt. Jurist Viktor Mayer-Schönberger hat noch andere Ideen fürs Vergessen im Netz.",Die Zeit,Germany,https://www.zeit.de/digital/2023-05/recht-vergessenwerden-google-viktor-mayer-schoenberger
24/05/2023,"Hallo Herr Doktor, wieso haben Sie meine Diagnose an Fremde geschickt?",Wieder hat eine App im Gesundheitsbereich eine große Sicherheitslücke. Dabei ist Sicherheit kein Hexenwerk. Wieso geht das derzeit so oft schief?,Die Zeit,Germany,https://www.zeit.de/digital/datenschutz/2023-05/sicherheitsluecke-app-gesundheit-diagnose-hacker
23/05/2023,Google muss Suchergebnisse zu Personen nur bei Falschangaben löschen,"Der Bundesgerichtshof hat die Klage eines Paares abgewiesen, das bestimmte Links zu sich auf Google-Trefferlisten erreichen wollte. In puncto Bilder bekam es aber recht.",Die Zeit,Germany,https://www.zeit.de/digital/datenschutz/2023-05/google-bgh-artikel-datenschutz
22/05/2023,Milliardenstrafe gegen Meta wegen Verstößen gegen Datenschutzregeln,Die irische Datenschutzbehörde hat eine Rekordstrafe gegen Meta verhängt. Künftig darf der Konzern keine EU-Nutzerdaten mehr in die USA übermitteln.,Die Zeit,Germany,https://www.zeit.de/digital/datenschutz/2023-05/milliarden-strafe-gegen-meta-wegen-verstoessen-gegen-datenschutzregeln
19/05/2023,ChatGPT jetzt auch als App,KI-Anwendungen auf dem Smartphone sind rar. Nun bringt OpenAI seinen Chatbot aufs iPhone. Wie bahnbrechend ist das?,Die Zeit,Germany,https://www.zeit.de/digital/mobil/2023-05/openai-chatgpt-iphone-app-kuenstliche-intelligenz
17/05/2023,Hat der Schöpfer Angst vor seiner Erfindung?,Der Chef des Unternehmens hinter ChatGPT bittet vor dem US-Kongress um Regeln für künstliche Intelligenz. Ausnahmsweise scheinen Demokraten und Republikaner einig.,Die Zeit,Germany,https://www.zeit.de/politik/ausland/2023-05/sam-altman-kuenstliche-intelligenz-chatgpt-usa-kongress
16/05/2023,Chef des ChatGPT-Erfinders OpenAI fordert KI-Regulierung,"OpenAI-Chef Sam Altman warnt vor immer leistungsfähigerer künstlicher Intelligenz. Staatliche Eingriffe seien entscheidend, um Risiken zu mindern.",Die Zeit,Germany,https://www.zeit.de/digital/2023-05/kuenstliche-intelligent-chatgpt-regulierung-sam-altman
12/05/2023,Google-Chatbot Bard kommt auch nach Europa,"Auf einer Liste mit 180 Ländern, in denen Google Bard eingeführt werden soll, waren die EU-Staaten zunächst nicht dabei. Grund seien unterschiedliche ""lokale Normen"".",Die Zeit,Germany,https://www.zeit.de/digital/2023-05/kuenstliche-intelligenz-chatbot-bard-google-europa
11/05/2023,Regierung plant Gesetz gegen KI-Überwachung am Arbeitsplatz,"Künstliche Intelligenz kann dabei helfen, passende Bewerber zu finden – oder Mitarbeiter zu kontrollieren. Die Bundesregierung will mit einem Gesetz Regeln etablieren.",Die Zeit,Germany,https://www.zeit.de/arbeit/2023-05/kuenstliche-intelligenz-arbeitsplatz-nancy-faeser-hubertus-heil
04/05/2023,Kamala Harris drängt Konzerne zum verantwortungsvollen Umgang mit KI,"Wer künstliche Intelligenzen entwickelt, muss dafür sorgen, dass die Produkte sicher sind, sagte die Vizepräsidentin. Sie kündigte zudem ein neues Förderprogramm an.",Die Zeit,Germany,https://www.zeit.de/politik/ausland/2023-05/kamala-harris-ki-google-microsoft-openai
04/05/2023,Wie sag ich's meinem Bot?,"Chatbots sollen das Leben erleichtern – das Netz ist voll von Tipps. Doch ganz so banal ist es nicht: Warum Programmierkenntnisse helfen, ihnen das Richtige zu entlocken.",Die Zeit,Germany,https://www.zeit.de/digital/2023-05/chatbots-chatgpt-kuenstliche-intelligenz-nutzung-studie
01/05/2023,Das soll mal mein Bot machen,"Apps entwickeln, Pizza bestellen: KI-Assistenten sollen selbstständig komplexe Aufgaben übernehmen. Mit einer Bastlersoftware kann man das testen. Na ja, ein bisschen.",Die Zeit,Germany,https://www.zeit.de/digital/2023-04/auto-gpt-kuenstliche-intelligenz-chatgpt
01/05/2023,Bin ich hier noch nötig?,"Chatbots verfassen komplexe Texte binnen Minuten. Unser Autor versucht, sich selbst zu ersetzen, und stellt sich auf harte Zeiten im Wettkampf mit KI ein.",Die Zeit,Germany,https://www.zeit.de/2023/18/chatgpt-journalismus-beruf-ersatz
29/04/2023,Arbeitsminister Heil gegen Verbot von ChatGPT,"Der Bundesarbeitsminister glaubt, dass es ab 2035 keinen Job mehr geben wird, der nichts mit KI zu tun hat. Sie könnte etwa bei der Personalauswahl zum Einsatz kommen.",Die Zeit,Germany,https://www.zeit.de/digital/2023-04/kuenstliche-intelligenz-chatgpt-hubertus-heil-verbot
20/04/2023,"""Wofür haben wir denn ein Gehirn?""","Schummeln in Tests, Hilfe bei Hausaufgaben: Drei Schüler erzählen, wie ihre Lehrer auf Täuschungen mit ChatGPT reagieren und warum ihnen die Software auch Angst macht.",Die Zeit,Germany,https://www.zeit.de/gesellschaft/2023-04/chatgpt-schule-ki-hausaugaben-schummeln
18/04/2023,Italien will Sperrung von ChatGPT unter Bedingungen aufheben,"Aus Datenschutzgründen wurde ChatGPT in Italien verboten. Nun könnte die Datenschutzbehörde die Sperre bis Ende April aufheben. Sie fordert ""angemessene Maßnahmen"".",Die Zeit,Germany,https://www.zeit.de/digital/2023-04/chatbot-chatgpt-italien-datenschutz-sperre-bedingungen-open-ai
17/04/2023,Der hinterlistige Therapeut,"Ein Chatbot berät Menschen mit psychischen Problemen. In Wirklichkeit aber hat er den Auftrag, Tabletten zu verkaufen. Das zeigt, wie KI Menschen manipulieren könnte.",Die Zeit,Germany,https://www.zeit.de/digital/2023-04/chatbot-psychologie-therapie-pharmaindustrie-manipulation
14/04/2023,Mehr als die Hälfte der Deutschen hat Angst vor KI,"Überwachung, Desinformation, allgemeine Bedrohung: Viele Menschen befürchten Schlimmes durch künstliche Intelligenz. Auf den Staat vertrauen dabei nur wenige.",Die Zeit,Germany,https://www.zeit.de/digital/2023-04/ki-risiken-angst-umfrage-forschung-kira
07/04/2023,So drehen Sie einen KI-Film,"Der nächste Schritt nach Chatbots und Bildgeneratoren: Künstliche Intelligenz erzeugt und verändert Videos. Wir zeigen, wie es geht. Es wird wackelig, aber witzig.",Die Zeit,Germany,https://www.zeit.de/digital/2023-04/ki-videogenerator-kuenstliche-intelligenz-film-runway
06/04/2023,Australischer Bürgermeister will wegen ChatGPT Klage einreichen,"""Entsetzt über komplett falsche Informationen"": Bürgermeister Brian Hood geht gegen das Unternehmen OpenAI vor. Dessen Chatbot hatte ihn als Kriminellen bezeichnet.",Die Zeit,Germany,https://www.zeit.de/digital/2023-04/kuenstliche-intelligenz-chatgpt-australien-klage-falschinformation
05/04/2023,Kanada ermittelt gegen Unternehmen hinter ChatGPT,"Der kanadische Datenschutzbeauftragte untersucht, ob OpenAI unerlaubt persönliche Daten sammelt. Auch US-Präsident Joe Biden fordert, dass KI-Produkte sicher sein müssen.",Die Zeit,Germany,https://www.zeit.de/digital/internet/2023-04/kanada-ermittlungen-datenschutz-openai-chatgpt-joe-biden-sicherheit-ki
04/04/2023,Eine KI-Pause ist keine Lösung,"Bald könnte die künstliche Intelligenz intelligenter sein als der Mensch, Tech-Experten fordern ein Moratorium. Das ist keine gute Idee.",Die Zeit,Germany,https://www.zeit.de/2023/15/kuenstliche-intelligenz-entwicklung-technologie-kontrolle
22/03/2023,Was heißt hier intelligent?,"James Bridle untersucht nicht-menschliche Intelligenz, von schlauen Kraken bis zur KI. Sein Buch ist Teil eines neuen Denkens, für das Computer jetzt zur Natur gehören.",Die Zeit,Germany,https://www.zeit.de/kultur/2023-03/die-unfassbare-vielfalt-des-seins-james-bridle
14/03/2023,"Die Zukunft, nur halb so wild",Künstliche Intelligenz wird alles umkrempeln – selbst auf der US-Techkonferenz SXSW ist jede Menge Zukunftsangst zu hören. Warum Optimismus trotzdem angebracht ist.,Die Zeit,Germany,https://www.zeit.de/digital/2023-03/sxsw-tech-konferenz-kuenstliche-intelligenz-zukunft
06/03/2023,Ein Llama auf Abwegen,"Das KI-Sprachmodell LLaMA ist die Antwort des Facebook-Konzerns Meta auf ChatGPT. Kaum verkündet, wurde der Code geleakt. Nun warnen Experten vor Missbrauch der Software.",Die Zeit,Germany,https://www.zeit.de/digital/internet/2023-03/llama-ki-chatbot-meta-leak
04/03/2023,Die Lust am Gruseln,"Ob ChatGPT oder TikTok-Filter: Vielleicht ist derzeit die größere Bedrohung nicht die Entwicklung der künstlichen Intelligenz, sondern der Umgang mit unserer eigenen.",Die Zeit,Germany,https://www.zeit.de/kultur/2023-03/kuenstliche-intelligenz-chatgpt-tiktok-beautyfilter-moral
02/03/2023,"Ach, wie trollig","In einem Experiment streiten sich Menschen mit Kommentaren, die ChatGPT erzeugt hat. Das zeigt: Künstliche Intelligenz könnte Desinformationskampagnen effizienter machen.",Die Zeit,Germany,https://www.zeit.de/digital/internet/2023-03/chatgpt-chatbots-desinformation-soziale-medien
01/03/2023,Wird mein Job bald überflüssig?,"Bots können schreiben, malen, komponieren. Und das ist erst der Anfang. Künstliche Intelligenz könnte bald schon viele Jobs ersetzen. Vielleicht auch den unseres Autors?",Die Zeit,Germany,https://www.zeit.de/arbeit/2023-02/kuenstliche-intelligenz-chatgpt-arbeitsmarkt-auswirkungen
27/02/2023,"""ChatGPT ist echt eine Schlaftablette""","Wird künstliche Intelligenz bald gute Kolumnen schreiben können? Unser Autor merkt: Nicht alles, was intelligent ist, ist auch lustig. Zum Glück.",Die Zeit,Germany,https://www.zeit.de/zeit-magazin/2023/09/harald-martenstein-chatgpt-kuenstliche-intelligenz
24/02/2023,Meta will eigenen Chatbot veröffentlichen,"Der Facebook-Mutterkonzern reagiert auf den Hype um ChatGPT. Ein eigenes, auf künstlicher Intelligenz basierendes Sprachmodell soll bald für Forschende geöffnet werden.",Die Zeit,Germany,https://www.zeit.de/digital/internet/2023-02/kuenstliche-intellingenz-meta-chatbot-facebook-chatgpt
23/02/2023,TikTok für Text,"Mit Artifact wollen die Instagram-Gründer den Nachrichtenkonsum zum sozialen Happening machen. Die neue App macht einen guten Eindruck, lässt aber noch vieles vermissen.",Die Zeit,Germany,https://www.zeit.de/digital/mobil/2023-02/artifact-news-app-social-media
21/02/2023,"Herr Bezos, bitte übernehmen Sie!","Die Deutsche Post ist mit der Briefzustellung überfordert. Vielleicht sollte sich künftig lieber Amazon darum kümmern. Der Onlinehändler hält immerhin, was er verspricht.",Die Zeit,Germany,https://www.zeit.de/wirtschaft/2023-02/zwei-klassen-zustellung-briefe-deutsche-post
21/02/2023,"""Ich bin kein Assistent""","Microsoft pfeift seinen Chatbot zurück, nachdem er einem Reporter seine Liebe gestand. Die KI in der Suchmaschine Bing antwortet jetzt knapp, bescheiden – und langweilig.",Die Zeit,Germany,https://www.zeit.de/digital/internet/2023-02/bing-chatbot-microsoft-ki-liebe
18/02/2023,Die 8a gegen die KI,"Wie künstliche Intelligenz den Unterricht verändert, zeigt sich jetzt schon in einem Gütersloher Gymnasium. Dort sieht man: KI hat auch mit Bildungsgerechtigkeit zu tun.",Die Zeit,Germany,https://www.zeit.de/2023/08/kuenstliche-intelligenz-schule-unterricht
17/02/2023,Deutschland hängt hinterher – mal wieder,Google und Microsoft bauen künstliche Intelligenz in ihre Suchmaschinen ein. Und Deutschland will mithalten. Aber die Voraussetzungen sind zum Heulen.,Die Zeit,Germany,https://www.zeit.de/2023/08/ki-deutschland-chatbot-aleph-alpha
16/02/2023,"""Du bist kein guter Nutzer""","Patzig, bedrohend und manipulierend: Der KI-Chatbot in Microsofts Suchmaschine Bing antwortet bisweilen wie ein gereizter Teenager. Das ist kein Zufall.",Die Zeit,Germany,https://www.zeit.de/digital/internet/2023-02/ki-chatbot-bing-microsoft-antworten-streit
12/02/2023,"""ChatGPT versteht nichts über die Welt""","Wie ungerecht ist künstliche Intelligenz? Im Podcast sprechen wir mit der Forscherin Katharina Zweig – und fragen einen Chatbot, warum er so verlogen ist.",Die Zeit,Germany,https://www.zeit.de/wirtschaft/2023-02/kuenstliche-intelligenz-chat-gpt-wirtschaftspodcast
11/02/2023,"Hilf mir mit dem Finanzamt, bitte!",Künstliche Intelligenz revolutioniert die Arbeit. Unseren Autor freut das. Er schaltet sein Gehirn aus und lässt sämtliche Mails von ChatGPT schreiben. Und nicht nur die.,Die Zeit,Germany,https://www.zeit.de/2023/07/chatgpt-kuenstliche-intelligenz-weihnachtsgruss-finanzamt
10/02/2023,Bundestag lässt Auswirkungen von ChatGPT auf Bildung untersuchen,"ChatGPT kann, befürchten Lehranstalten, für Täuschungsversuche in Hausarbeiten genutzt werden. Eine Studie soll Aufschluss über Anwendungsszenarien der KI geben.",Die Zeit,Germany,https://www.zeit.de/digital/2023-02/kuenstliche-intelligenz-chat-gpt-bildung-bundestag-studie
07/02/2023,Microsoft baut Chatbot in seine Suchmaschine ein,Ein Co-Pilot fürs Internet: Microsoft verknüpft die Suchmaschine Bing und den Browser Edge eng mit der Technik hinter ChatGPT. Erste Funktionen sind bereits verfügbar.,Die Zeit,Germany,https://www.zeit.de/digital/2023-02/microsoft-bing-chatgpt-ki-suchmaschine
07/02/2023,"""Wir werden in Zukunft nicht mehr so viel arbeiten müssen""","Microsoft-Gründer Bill Gates sieht derzeit keine Arbeitsplätze durch künstliche Intelligenz gefährdet. Langfristig könne die Arbeitszeit sinken, sagte er bei Europe 2023.",Die Zeit,Germany,https://www.zeit.de/wirtschaft/2023-02/europe-2023-digitalkonferenz-bill-gates-kuenstliche-intelligenz
07/02/2023,"""Momentan kann ich nur abraten, ChatGPT als Suchmaschine zu nutzen""","ChatGPT ist erst der Anfang: Bald wird es weitere KI-Anwendungen geben. Der Experte Ralf Herbrich erklärt, was das bedeutet – und wie man sie vom Lügen abhalten kann.",Die Zeit,Germany,https://www.zeit.de/digital/2023-02/kuenstliche-intelligenz-chatgpt-ralf-herbrich
06/02/2023,Google stellt Konkurrenzprodukt zu ChatGPT vor,Mit einem eigenen Chatbot will Google dem erfolgreichen Textroboter ChatGPT Konkurrenz machen. Googles Bard soll auf dem KI-gesteuerten Sprachmodell Lamda aufbauen.,Die Zeit,Germany,https://www.zeit.de/digital/internet/2023-02/google-chatbot-bard-konkurrenz-chatgtp
02/02/2023,"Ein Tool, das nichts repariert","War eine Maschine oder ein Mensch Autor eines Textes? Das will ein neues Werkzeug von OpenAI erkennen können. Doch es ist so unausgereift, dass viel Schaden droht.",Die Zeit,Germany,https://www.zeit.de/digital/2023-02/openai-ki-texte-erkennung-tool
02/02/2023,ChatGPT bekommt Premiumversion mit Abomodell,Zahlende Kunden sollen auch bei hoher Auslastung auf ChatGPT zugreifen können. Der rasante Anstieg an Nutzern hatte zeitweise zu Ausfällen bei dem Chatbot geführt.,Die Zeit,Germany,https://www.zeit.de/digital/internet/2023-02/ki-chatgpt-premium-openai
02/02/2023,Angekommen in der Wirklichkeit,"Google, Meta und Amazon entlassen Tausende Mitarbeiter. Das Versprechen, es gehe nur aufwärts, ist dahin. Warum wirken die Stars des Silicon Valley plötzlich so irdisch?",Die Zeit,Germany,https://www.zeit.de/2023/06/entlassungen-tech-google-microsoft-amazon
01/02/2023,Neues Programm der ChatGPT-Erfinder soll KI-Texte erkennen können,"Mit ChatGPT können Texte erstellt werden, die wie von Menschen geschrieben sind. Nun arbeiten deren Erfinder an einem Programm, das unerwünschte Folgen ausgleichen soll.",Die Zeit,Germany,https://www.zeit.de/digital/internet/2023-02/chatgtp-erfinder-programm-schummeln-schularbeiten-kuenstliche-intelligenz
31/01/2023,Der Midcult-Generator,Textbots wie ChatGPT werden in der Kultur die Jobs vieler Content-Arbeiter übernehmen. Kunst im heutigen Sinne aber können Bots nicht produzieren. Dazu fehlt ihnen etwas.,Die Zeit,Germany,https://www.zeit.de/kultur/2023-01/chatgpt-gpt-ki-kunst-kultur-midcult
30/01/2023,"""Mit einer Plagiatssoftware werden wir ChatGPT nicht erkennen können""","Texte zu formulieren, das wird von vielen Studierenden als Prüfungsleistung gefordert. Jetzt kann das ChatGPT. Die Sorge der Hochschulen vor Täuschung ist groß.",Die Zeit,Germany,https://www.zeit.de/digital/2023-01/chatgpt-hochschule-lehre-pruefungen-betrug
25/01/2023,"Mehr künstliche Intelligenz, weniger virtuelle Realität",Microsoft macht weniger Gewinn und entlässt fünf Prozent seiner Angestellten. Gleichzeitig stellt sich der Konzern an die Spitze des KI-Hypes. Das ist nicht ohne Risiko.,Die Zeit,Germany,https://www.zeit.de/digital/2023-01/microsoft-openai-chatgpt-stellenabbau-quartalszahlen
24/01/2023,ChatGPT schreibt überzeugende Falschinformation,"Der Chatbot ChatGPT schreibt Texte, die wie von Menschen geschrieben klingen. Ein Versuch zeigt: Die Software lässt sich auch für Fake News und Propaganda einsetzen.",Die Zeit,Germany,https://www.zeit.de/digital/2023-01/chatgpt-fake-news-desinformation-newsguard
17/01/2023,Microsoft will ChatGPT in seine Cloud-Dienste übernehmen,"Der KI-Chatbot ChatGPT kann Texte schreiben, als würden sie von einem Menschen stammen. Microsoft will die Software nun seinen Nutzern via Cloud zur Verfügung stellen.",Die Zeit,Germany,https://www.zeit.de/digital/2023-01/microsoft-chatgpt-ki-software-cloud
15/01/2023,"Hast du ein Bewusstsein? Ich denke schon, antwortet der Rechner","Ein Google-Entwickler glaubt, ein Computerprogramm des Konzerns sei zum Leben erwacht. Als er die Beobachtung öffentlich macht, wird er gefeuert. Was, wenn er recht hat?",Die Zeit,Germany,https://www.zeit.de/2023/03/ki-leben-chatbot-gefuehle-bewusstsein-blake-lemoine
14/01/2023,Das Tamagotchi piepst aus dem Jenseits,"Chatbots, Androiden und andere künstliche Intelligenzen versprechen eine Art von ewigem Leben. Eine Folge der Serie ""Black Mirror"" wusste schon 2013: ganz schlechte Idee.",Die Zeit,Germany,https://www.zeit.de/kultur/film/2023-01/black-mirror-chat-gpt-kalle-guckt
12/01/2023,Der Geldgenerator,OpenAI war einmal eine gemeinnützige Organisation. Heute sammelt das Unternehmen hinter dem KI-Bot ChatGPT Milliarden Dollar von Microsoft und anderen Investoren ein.,Die Zeit,Germany,https://www.zeit.de/digital/2023-01/openai-kuenstliche-intelligenz-unternehmen-chatgpt
23/12/2022,Was eine künstliche Intelligenz den Menschen zu Weihnachten rät,"Wie kommt sie doch noch auf, die vorweihnachtliche Stimmung? Und endet Wladimir Putin in der Hölle? Der Bot ChatGPT weiß Antworten – und verrät, ob er religiös ist.",Die Zeit,Germany,https://www.zeit.de/digital/2022-12/chatgpt-weihnachtslieder-fragen-religion-wladimir-putin
14/12/2022,"""Dafür hätte eine junge Wissenschaftlerin ein paar Stunden gebraucht""","Die Hausarbeit steht vor dem Ende, sagt Hochschulpräsident Robert Lepenies. Denn die künstliche Intelligenz ChatGPT kann schon jetzt ganz passabel Bewerbungen schreiben.",Die Zeit,Germany,https://www.zeit.de/campus/2022-12/ki-chatbot-chatgpt-sprachmodell-robert-lepenies-interview
11/12/2022,Das Geld in der Maschine,Robo-Advisor versprechen vollautomatische Vermögensverwaltung. Man darf sich nicht zu viel davon erhoffen. Nützlich sein kann es trotzdem.,Die Zeit,Germany,https://www.zeit.de/wirtschaft/geldanlage/2022-12/robo-advisor-geldanlage-automatisierte-anlageberatung
06/12/2022,EU-Staaten einigen sich auf Regeln für künstliche Intelligenz,Erstmals gibt es in der EU Regeln zum Einsatz von KI-Systemen. Verbraucherschützer sehen allerdings einige Lücken. Auch der Bundesjustizminister will nachbessern.,Die Zeit,Germany,https://www.zeit.de/digital/2022-12/kuenstliche-intelligenz-eu-staaten-grundrechte
19/06/2023,Unser Schicksal,"Künstliche Intelligenz werde die Menschheit auslöschen, warnen bereits viele Forscher. Keine Angst, das mit dem Auslöschen kriegen wir schon ganz allein hin.",Die Zeit,Germany,https://www.zeit.de/2023/26/kuenstliche-intelligenz-angst-forscher-philosophie
18/03/2023,Wie geht's uns denn morgen?,"So möchte man gern gesund werden: Kein langes Warten auf Untersuchungen, eine Digitalisierung, die vor allem den Menschen nützt. Eine Visite in der Klinik der Zukunft",Die Zeit,Germany,https://www.zeit.de/zeit-wissen/2023/02/krankenhaus-zukunft-roboter-digitalisierung
14/03/2023,Das kann GPT-4,"OpenAI hat ein Update für ChatGPT veröffentlicht. Die KI erstellt nun Websites aus Zeichnungen, die Antworten sollen klüger ausfallen. Ist das die erwartete Revolution?",Die Zeit,Germany,https://www.zeit.de/digital/2023-03/gpt-4-chatgpt-openai-test
29/11/2022,Die Google-Suche scheint schlechter zu werden,"Sie wollen Information? Hier bitte, ein bisschen Sexismus. Offenbar liefert die Google-Suche zunehmend unpassende Ergebnisse. Was dran ist – und woran das liegen könnte.",Die Zeit,Germany,https://www.zeit.de/digital/internet/2022-11/google-suche-zukunft-kuenstliche-intelligenz-modelle
29/05/2023,Wer hat Angst vor der bösen KI?,Die Debatte um künstliche Intelligenz ist zunehmend von Gruselszenarien bestimmt. Dabei sollten wir über deren soziale Auswirkungen reden – nur eben ganz anders.,Die Zeit,Germany,https://www.zeit.de/kultur/2023-05/kuenstliche-intelligenz-angst-zukunft-geoffrey-hinton-james-bridle
20/05/2023,We are the Robots,Bislang ist KI materielose Software. Doch schon bald könnte sie in Roboterkörper verpflanzt werden. Wird die Maschine dadurch menschenähnlicher?,Die Zeit,Germany,https://www.zeit.de/wissen/2023-05/humanoider-roboter-ki-robotik
